City,Date,Temperature,MaxTemp,MinTemp,Humidity,Pressure,WindSpeed,WindDirection,WindGusts,Precipitation
Athens,2025-04-10T00:00:00Z,5.7,12.7,5.4,85.7,1022.0,0.6,24.9,3.7,0.0
Athens,2025-04-10T01:00:00Z,5.3,12.8,4.9,89.0,1022.0,0.8,23.8,3.7,0.0
Athens,2025-04-10T02:00:00Z,5.5,12.8,4.9,84.2,1021.0,0.8,13.8,3.7,0.0
Athens,2025-04-10T03:00:00Z,5.5,12.8,4.9,81.8,1021.0,0.8,18.2,3.7,0.0
Athens,2025-04-10T04:00:00Z,5.7,12.8,4.9,80.9,1021.0,0.6,13.3,3.7,0.0
Athens,2025-04-10T05:00:00Z,7.6,12.8,4.9,76.5,1021.0,0.6,351.0,3.7,0.0
Athens,2025-04-10T06:00:00Z,9.8,12.8,4.9,72.0,1021.0,0.7,311.5,3.7,0.0
Athens,2025-04-10T07:00:00Z,11.3,12.8,4.9,66.2,1021.0,1.0,284.3,3.7,0.0
Athens,2025-04-10T08:00:00Z,12.7,13.1,4.9,58.9,1021.0,1.6,251.7,3.7,0.0
Athens,2025-04-10T09:00:00Z,13.9,14.3,4.9,54.0,1020.0,2.3,238.5,3.8,0.0
Athens,2025-04-10T10:00:00Z,15.0,15.5,4.8,50.4,1019.0,2.8,232.3,4.5,0.0
Athens,2025-04-10T11:00:00Z,15.7,16.3,4.8,45.9,1019.0,3.3,232.9,5.1,0.0
Athens,2025-04-10T12:00:00Z,15.9,16.5,4.7,43.6,1017.0,3.1,240.2,5.1,0.0
Athens,2025-04-10T13:00:00Z,16.2,16.7,4.7,43.1,1016.0,3.1,230.6,5.1,0.0
Athens,2025-04-10T14:00:00Z,15.8,16.7,4.7,46.0,1015.0,3.5,233.0,5.9,0.0
Athens,2025-04-10T15:00:00Z,15.3,16.7,4.7,48.8,1015.0,3.5,233.1,6.6,0.0
Athens,2025-04-10T16:00:00Z,14.6,16.7,4.7,53.7,1014.0,3.0,241.5,6.6,0.0
Athens,2025-04-10T17:00:00Z,13.4,16.7,4.7,58.5,1014.0,2.6,255.8,7.0,0.0
Athens,2025-04-10T18:00:00Z,12.6,16.7,4.7,61.3,1014.0,2.2,283.8,7.2,0.0
Athens,2025-04-10T19:00:00Z,11.7,16.7,4.7,66.1,1015.0,1.8,301.8,7.2,0.0
Athens,2025-04-10T20:00:00Z,10.8,16.7,4.7,70.3,1015.0,1.4,317.6,7.2,0.0
Athens,2025-04-10T21:00:00Z,10.3,16.7,4.7,72.0,1015.0,1.4,326.2,7.2,0.0
Athens,2025-04-10T22:00:00Z,10.0,16.7,4.7,74.2,1015.0,1.2,330.0,7.2,0.0
Athens,2025-04-10T23:00:00Z,9.8,16.7,4.7,74.5,1015.0,1.2,336.8,7.2,0.0
Athens,2025-04-11T00:00:00Z,9.0,16.7,4.7,77.4,1015.0,1.1,345.1,7.2,0.0
Athens,2025-04-11T01:00:00Z,8.6,16.7,4.7,76.8,1015.0,1.6,352.4,7.2,0.0
Athens,2025-04-11T02:00:00Z,8.8,16.7,4.9,70.8,1015.0,1.9,344.7,7.2,0.0
Athens,2025-04-11T03:00:00Z,8.7,16.7,4.9,70.6,1015.0,1.9,340.3,7.8,0.0
Athens,2025-04-11T04:00:00Z,10.5,16.6,5.1,65.4,1015.0,3.1,358.3,11.1,0.0
Athens,2025-04-11T05:00:00Z,11.0,16.6,7.0,63.1,1016.0,2.4,19.3,11.1,0.0
Athens,2025-04-11T06:00:00Z,12.3,16.6,8.2,56.1,1017.0,2.8,25.3,11.1,0.0
Athens,2025-04-11T07:00:00Z,13.2,16.6,8.2,48.8,1018.0,3.7,12.6,11.1,0.0
Athens,2025-04-11T08:00:00Z,14.1,16.6,8.2,46.1,1018.0,3.6,9.7,11.1,0.0
Athens,2025-04-11T09:00:00Z,15.0,16.6,8.2,42.7,1018.0,3.3,352.2,11.1,0.0
Athens,2025-04-11T10:00:00Z,15.9,16.6,8.2,40.0,1018.0,3.0,339.5,11.1,0.0
Athens,2025-04-11T11:00:00Z,16.4,16.8,8.2,38.7,1018.0,2.7,327.6,11.1,0.0
Athens,2025-04-11T12:00:00Z,16.9,17.3,8.2,37.8,1017.0,2.1,319.2,11.1,0.0
Athens,2025-04-11T13:00:00Z,17.2,17.6,8.2,37.8,1016.0,1.5,301.2,11.1,0.0
Athens,2025-04-11T14:00:00Z,17.2,17.6,8.2,39.0,1015.0,1.2,255.1,11.1,0.0
Athens,2025-04-11T15:00:00Z,15.6,17.7,8.2,47.3,1015.0,3.6,195.9,11.1,0.0
Athens,2025-04-11T16:00:00Z,13.1,17.7,8.2,62.9,1016.0,3.4,174.5,11.1,0.0
Athens,2025-04-11T17:00:00Z,12.3,17.7,8.2,65.9,1015.0,2.2,168.4,11.1,0.0
Athens,2025-04-11T18:00:00Z,11.5,17.7,8.2,72.3,1015.0,1.8,150.5,11.1,0.0
Athens,2025-04-11T19:00:00Z,11.3,17.7,8.2,75.6,1016.0,1.2,140.3,11.1,0.0
Athens,2025-04-11T20:00:00Z,10.9,17.7,8.2,79.6,1015.0,0.6,147.7,11.1,0.0
Athens,2025-04-11T21:00:00Z,10.9,17.7,8.2,79.9,1015.0,1.0,207.3,11.1,0.0
Athens,2025-04-11T22:00:00Z,10.8,17.7,8.2,82.2,1015.0,1.2,224.7,11.1,0.0
Athens,2025-04-11T23:00:00Z,10.4,17.7,8.2,85.0,1014.0,1.0,233.6,11.1,0.0
Athens,2025-04-12T00:00:00Z,10.1,17.7,8.2,86.2,1013.0,0.7,260.9,11.1,0.0
Athens,2025-04-12T01:00:00Z,9.5,17.7,8.2,89.3,1013.0,0.6,280.1,11.1,0.0
Athens,2025-04-12T02:00:00Z,8.9,17.7,8.2,92.5,1012.0,0.5,318.2,11.1,0.0
Athens,2025-04-12T03:00:00Z,8.3,17.7,7.8,96.1,1012.0,0.4,356.6,11.1,0.0
Athens,2025-04-12T04:00:00Z,9.6,17.7,7.8,90.2,1012.0,0.4,345.3,11.1,0.0
Athens,2025-04-12T05:00:00Z,10.7,17.7,7.8,85.9,1012.0,0.3,319.9,8.1,0.0
Athens,2025-04-12T06:00:00Z,11.8,17.7,7.8,81.8,1013.0,0.2,273.8,7.7,0.0
Athens,2025-04-12T07:00:00Z,13.9,17.7,7.8,71.5,1013.0,0.5,219.7,7.7,0.0
Athens,2025-04-12T08:00:00Z,15.9,17.7,7.8,62.6,1013.0,0.9,209.4,6.7,0.0
Athens,2025-04-12T09:00:00Z,17.9,18.5,7.8,55.0,1013.0,1.2,205.4,5.8,0.0
Athens,2025-04-12T10:00:00Z,18.1,18.6,7.7,53.5,1013.0,1.0,196.0,5.1,0.86
Athens,2025-04-12T11:00:00Z,18.2,18.7,7.7,52.2,1013.0,0.8,178.6,5.1,1.73
Athens,2025-04-12T12:00:00Z,18.3,18.8,7.7,51.0,1013.0,0.5,147.8,5.1,2.59
Athens,2025-04-12T13:00:00Z,17.1,18.9,7.7,56.5,1013.0,1.4,89.8,5.1,3.89
Athens,2025-04-12T14:00:00Z,15.9,18.9,7.7,62.6,1014.0,2.3,77.4,5.1,5.19
Athens,2025-04-12T15:00:00Z,14.7,18.9,7.7,69.4,1014.0,3.1,72.7,5.1,6.49
Athens,2025-04-12T16:00:00Z,14.3,18.9,7.7,70.2,1014.0,2.5,66.2,5.1,6.49
Athens,2025-04-12T17:00:00Z,13.9,18.9,7.7,71.2,1015.0,1.9,54.8,4.6,6.49
Athens,2025-04-12T18:00:00Z,13.3,18.9,7.7,72.9,1015.0,1.3,33.4,4.6,6.49
Athens,2025-04-12T19:00:00Z,12.7,18.9,7.7,75.0,1016.0,1.8,24.6,4.8,6.49
Athens,2025-04-12T20:00:00Z,12.1,18.9,7.7,77.3,1017.0,2.2,19.3,6.3,6.49
Athens,2025-04-12T21:00:00Z,11.5,18.9,7.7,79.6,1018.0,2.6,15.9,7.9,6.49
Athens,2025-04-12T22:00:00Z,11.1,18.9,7.7,80.8,1018.0,2.4,13.3,7.9,6.49
Athens,2025-04-12T23:00:00Z,10.8,18.9,7.7,82.1,1018.0,2.2,10.2,7.9,6.49
Athens,2025-04-13T00:00:00Z,10.4,18.9,7.7,83.3,1018.0,2.0,6.5,7.9,6.49
Athens,2025-04-13T01:00:00Z,10.1,18.9,7.7,83.8,1019.0,2.3,13.6,7.9,6.49
Athens,2025-04-13T02:00:00Z,9.9,18.9,7.7,84.2,1019.0,2.6,19.1,7.9,6.49
Athens,2025-04-13T03:00:00Z,9.6,18.8,7.7,84.7,1020.0,2.9,23.5,7.9,6.49
Athens,2025-04-13T04:00:00Z,10.6,18.8,9.1,79.6,1021.0,2.8,23.7,7.9,6.49
Athens,2025-04-13T05:00:00Z,11.3,18.8,9.2,75.8,1021.0,2.6,23.8,7.9,6.49
Athens,2025-04-13T06:00:00Z,12.0,18.8,9.2,72.2,1022.0,2.5,24.0,7.9,6.49
Athens,2025-04-13T07:00:00Z,13.5,18.8,9.2,62.7,1022.0,2.4,23.6,7.9,6.49
Athens,2025-04-13T08:00:00Z,15.0,18.8,9.2,54.5,1023.0,2.3,23.1,7.9,6.49
Athens,2025-04-13T09:00:00Z,16.4,18.8,9.2,47.5,1023.0,2.2,22.6,7.9,6.49
Athens,2025-04-13T10:00:00Z,17.2,18.8,9.2,45.2,1023.0,1.8,29.8,7.9,5.63
Athens,2025-04-13T11:00:00Z,17.9,18.8,9.2,43.2,1022.0,1.4,41.4,7.9,4.76
Athens,2025-04-13T12:00:00Z,18.6,19.1,9.2,41.3,1022.0,1.0,60.6,7.9,3.9
Athens,2025-04-13T13:00:00Z,18.0,19.1,9.2,44.2,1022.0,1.3,100.1,7.9,2.6
Athens,2025-04-13T14:00:00Z,17.4,19.1,9.2,47.3,1021.0,1.5,132.7,7.9,1.3
Athens,2025-04-13T15:00:00Z,16.8,19.1,9.2,50.6,1021.0,1.8,149.1,7.9,0.0
Athens,2025-04-13T16:00:00Z,15.4,19.1,9.2,56.5,1021.0,1.7,129.8,7.9,0.0
Athens,2025-04-13T17:00:00Z,14.0,19.1,9.2,63.2,1022.0,1.6,102.2,7.9,0.0
Athens,2025-04-13T18:00:00Z,12.4,19.1,9.2,71.4,1022.0,1.4,75.7,7.9,0.0
Athens,2025-04-13T19:00:00Z,11.8,19.1,9.2,75.7,1022.0,1.1,70.9,7.9,0.0
Athens,2025-04-13T20:00:00Z,11.2,19.1,9.2,80.3,1022.0,0.7,59.8,7.9,0.0
Athens,2025-04-13T21:00:00Z,10.6,19.1,9.2,85.1,1022.0,0.3,20.7,7.9,0.0
Athens,2025-04-13T22:00:00Z,10.6,19.1,9.2,83.0,1022.0,0.3,29.1,7.8,0.0
Athens,2025-04-13T23:00:00Z,10.5,19.1,9.2,80.9,1022.0,0.2,40.8,7.8,0.0
Athens,2025-04-14T00:00:00Z,10.5,19.1,9.2,78.9,1022.0,0.2,56.3,7.8,0.0
Athens,2025-04-14T01:00:00Z,10.2,19.1,9.2,81.5,1022.0,0.4,35.0,7.8,0.0
Athens,2025-04-14T02:00:00Z,9.9,19.1,9.2,84.1,1021.0,0.6,27.1,7.8,0.0
Athens,2025-04-14T03:00:00Z,9.6,19.1,9.2,86.8,1021.0,0.7,23.2,7.8,0.0
Athens,2025-04-14T04:00:00Z,11.2,19.1,9.1,83.9,1022.0,0.5,28.3,7.1,0.0
Athens,2025-04-14T05:00:00Z,12.5,19.1,9.1,82.4,1022.0,0.3,41.0,6.4,0.0
Athens,2025-04-14T06:00:00Z,13.7,19.1,9.1,81.1,1022.0,0.1,90.9,5.7,0.0
Athens,2025-04-14T07:00:00Z,15.4,19.1,9.1,72.5,1022.0,0.6,175.4,4.9,0.0
Athens,2025-04-14T08:00:00Z,17.0,19.1,9.1,64.9,1022.0,1.1,183.7,4.2,0.0
Athens,2025-04-14T09:00:00Z,18.6,19.2,9.1,58.2,1022.0,1.5,186.4,3.5,0.0
Athens,2025-04-14T10:00:00Z,19.1,19.6,9.1,57.3,1022.0,1.6,189.0,2.9,0.0
Athens,2025-04-14T11:00:00Z,19.5,20.0,9.1,56.5,1022.0,1.8,191.1,2.9,0.0
Athens,2025-04-14T12:00:00Z,19.8,20.4,9.1,55.8,1022.0,1.9,193.0,2.9,0.0
Athens,2025-04-14T13:00:00Z,19.5,20.4,9.1,56.8,1021.0,1.9,185.0,2.9,0.0
Athens,2025-04-14T14:00:00Z,19.1,20.4,9.1,57.9,1021.0,1.8,176.3,2.9,0.0
Athens,2025-04-14T15:00:00Z,18.7,20.4,9.1,59.1,1021.0,1.7,167.2,2.9,0.0
Athens,2025-04-14T16:00:00Z,17.6,20.4,9.1,65.3,1021.0,1.3,170.6,2.9,0.0
Athens,2025-04-14T17:00:00Z,16.5,20.4,9.1,72.3,1021.0,0.8,178.9,2.9,0.0
Athens,2025-04-14T18:00:00Z,15.2,20.4,9.1,80.9,1021.0,0.3,219.4,2.9,0.0
Athens,2025-04-14T19:00:00Z,14.6,20.4,9.1,82.2,1021.0,0.3,233.8,2.7,0.0
Athens,2025-04-14T20:00:00Z,14.1,20.4,9.1,83.6,1021.0,0.3,28.4,2.7,0.0
Athens,2025-04-14T21:00:00Z,13.5,20.4,9.1,85.0,1021.0,0.4,32.4,2.7,0.0
Athens,2025-04-14T22:00:00Z,13.1,20.4,9.1,86.3,1020.0,0.4,32.4,2.7,0.0
Athens,2025-04-14T23:00:00Z,12.6,20.4,9.1,87.6,1020.0,0.4,32.3,2.7,0.0
Athens,2025-04-15T00:00:00Z,12.1,20.4,9.1,88.9,1020.0,0.5,32.2,2.7,0.0
Athens,2025-04-15T01:00:00Z,11.5,20.4,9.1,90.3,1019.0,0.8,37.8,2.7,0.0
Athens,2025-04-15T02:00:00Z,11.0,20.4,9.1,91.8,1019.0,1.0,40.2,2.7,0.0
Athens,2025-04-15T03:00:00Z,10.4,20.3,9.1,93.5,1019.0,1.3,41.5,2.7,0.0
Athens,2025-04-15T04:00:00Z,12.1,20.3,9.9,82.9,1019.0,1.2,36.8,2.7,0.0
Athens,2025-04-15T05:00:00Z,13.7,20.3,9.9,74.7,1019.0,1.1,31.1,2.7,0.0
Athens,2025-04-15T06:00:00Z,15.2,20.3,9.9,67.4,1020.0,1.0,24.2,2.7,0.0
Athens,2025-04-15T07:00:00Z,16.9,20.3,9.9,61.3,1020.0,1.1,12.9,2.7,0.0
Athens,2025-04-15T08:00:00Z,18.6,20.3,9.9,55.7,1020.0,1.2,213.2,2.7,0.0
Athens,2025-04-15T09:00:00Z,20.2,20.8,9.9,50.8,1020.0,1.4,209.8,2.7,0.0
Athens,2025-04-15T10:00:00Z,20.9,21.4,9.8,48.9,1019.0,1.5,204.5,2.7,0.0
Athens,2025-04-15T11:00:00Z,21.5,22.1,9.8,47.1,1019.0,1.6,200.1,2.7,0.0
Athens,2025-04-15T12:00:00Z,22.1,22.7,9.8,45.5,1018.0,1.8,196.4,2.7,0.0
Athens,2025-04-15T13:00:00Z,21.4,22.7,9.8,44.2,1018.0,1.8,169.4,2.6,0.0
Athens,2025-04-15T14:00:00Z,20.8,22.7,9.8,43.0,1018.0,1.9,135.1,2.7,0.0
Athens,2025-04-15T15:00:00Z,20.1,22.7,9.8,41.7,1018.0,1.9,110.7,2.8,0.0
Athens,2025-04-15T16:00:00Z,19.0,22.7,9.8,44.1,1018.0,1.8,95.1,3.0,0.0
Athens,2025-04-15T17:00:00Z,17.9,22.7,9.8,46.7,1018.0,1.7,74.9,3.2,0.0
Athens,2025-04-15T18:00:00Z,16.7,22.7,9.8,50.0,1018.0,1.6,54.0,3.4,0.0
Athens,2025-04-15T19:00:00Z,16.2,22.7,9.8,53.0,1018.0,1.3,55.3,3.4,0.0
Athens,2025-04-15T20:00:00Z,15.8,22.7,9.8,56.2,1018.0,1.0,57.3,3.4,0.0
Athens,2025-04-15T21:00:00Z,15.3,22.7,9.8,59.5,1018.0,0.8,60.6,3.4,0.0
Athens,2025-04-15T22:00:00Z,14.6,22.7,9.8,62.3,1018.0,0.8,54.8,3.4,0.0
Athens,2025-04-15T23:00:00Z,14.0,22.7,9.8,65.2,1018.0,0.8,49.1,3.4,0.0
Athens,2025-04-16T00:00:00Z,13.3,22.7,9.8,68.4,1018.0,0.8,43.7,3.4,0.0
Athens,2025-04-16T01:00:00Z,13.8,22.7,9.8,67.6,1018.0,0.8,37.0,3.4,0.0
Athens,2025-04-16T02:00:00Z,14.3,22.7,9.8,66.9,1018.0,0.7,28.4,3.4,0.0
Athens,2025-04-16T03:00:00Z,14.9,22.6,9.8,66.2,1018.0,0.7,17.6,3.4,0.0
Athens,2025-04-16T04:00:00Z,15.7,22.5,11.6,64.2,1018.0,0.6,4.8,3.4,0.0
Athens,2025-04-16T05:00:00Z,16.3,22.5,12.9,63.1,1018.0,0.6,350.7,3.4,0.0
Athens,2025-04-16T06:00:00Z,16.9,22.5,12.9,62.0,1019.0,0.6,337.1,3.4,0.0
Athens,2025-04-16T07:00:00Z,18.1,22.5,12.9,56.2,1018.0,0.8,303.2,3.4,0.0
Athens,2025-04-16T08:00:00Z,19.2,22.5,12.9,51.0,1018.0,0.9,223.3,3.4,0.0
Athens,2025-04-16T09:00:00Z,20.4,22.5,12.9,46.4,1018.0,1.1,199.8,3.4,0.0
Athens,2025-04-16T10:00:00Z,21.5,22.5,12.9,42.2,1018.0,1.3,192.5,3.4,0.0
Athens,2025-04-16T11:00:00Z,22.6,23.0,12.9,38.6,1018.0,1.5,189.1,3.4,0.0
Athens,2025-04-16T12:00:00Z,23.6,24.1,12.8,35.4,1018.0,1.7,187.2,3.4,0.0
Athens,2025-04-16T13:00:00Z,22.5,24.1,12.8,37.6,1018.0,1.5,185.2,3.4,0.0
Athens,2025-04-16T14:00:00Z,21.5,24.1,12.8,40.0,1018.0,1.3,182.3,3.4,0.0
Athens,2025-04-16T15:00:00Z,20.5,24.1,12.8,42.7,1018.0,1.0,177.5,3.4,0.0
Athens,2025-04-16T16:00:00Z,19.5,24.1,12.8,45.5,1018.0,0.8,168.7,3.4,0.0
Athens,2025-04-16T17:00:00Z,18.4,24.1,12.8,48.5,1018.0,0.5,149.0,3.4,0.0
Athens,2025-04-16T18:00:00Z,17.2,24.1,12.8,52.5,1018.0,0.3,103.9,3.4,0.0
Athens,2025-04-16T19:00:00Z,16.7,24.1,12.8,54.4,1018.0,0.4,80.3,2.8,0.0
Athens,2025-04-16T20:00:00Z,16.2,24.1,12.8,56.4,1018.0,0.4,54.5,2.5,0.0
Athens,2025-04-16T21:00:00Z,15.8,24.1,12.8,58.4,1018.0,0.5,34.6,2.5,0.0
Athens,2025-04-16T22:00:00Z,15.3,24.1,12.8,60.6,1018.0,0.5,21.8,2.5,0.0
Athens,2025-04-16T23:00:00Z,14.8,24.1,12.8,62.8,1018.0,0.6,13.6,2.5,0.0
Berlin,2025-04-10T00:00:00Z,6.1,14.8,4.7,80.5,1022.0,3.5,304.4,11.3,0.0
Berlin,2025-04-10T01:00:00Z,5.7,14.8,4.7,83.6,1023.0,3.4,310.3,11.3,0.0
Berlin,2025-04-10T02:00:00Z,5.0,14.8,4.5,88.7,1023.0,3.2,304.9,11.3,0.0
Berlin,2025-04-10T03:00:00Z,4.4,14.8,3.9,92.8,1024.0,2.9,307.3,11.3,0.0
Berlin,2025-04-10T04:00:00Z,3.9,14.8,3.4,95.3,1024.0,2.7,304.6,11.3,0.0
Berlin,2025-04-10T05:00:00Z,3.8,14.8,3.3,96.3,1024.0,2.7,308.5,11.3,0.0
Berlin,2025-04-10T06:00:00Z,4.9,14.8,3.2,91.1,1025.0,2.8,312.1,11.3,0.0
Berlin,2025-04-10T07:00:00Z,6.3,14.8,3.2,84.1,1025.0,2.6,319.3,11.3,0.0
Berlin,2025-04-10T08:00:00Z,7.8,14.8,3.2,73.4,1025.0,2.6,310.4,11.3,0.0
Berlin,2025-04-10T09:00:00Z,9.6,14.8,3.2,61.3,1025.0,2.3,296.2,11.3,0.0
Berlin,2025-04-10T10:00:00Z,11.3,14.8,3.2,54.6,1025.0,3.1,294.2,11.3,0.0
Berlin,2025-04-10T11:00:00Z,12.8,14.8,3.2,45.5,1025.0,4.4,317.7,11.3,0.0
Berlin,2025-04-10T12:00:00Z,13.1,14.8,3.2,44.6,1024.0,4.4,319.5,11.3,0.0
Berlin,2025-04-10T13:00:00Z,13.6,14.3,3.3,41.9,1024.0,4.7,313.2,11.3,0.0
Berlin,2025-04-10T14:00:00Z,13.6,14.1,3.2,42.8,1023.0,4.6,303.9,11.3,0.0
Berlin,2025-04-10T15:00:00Z,13.6,14.1,3.2,44.6,1022.0,4.6,295.8,11.3,0.0
Berlin,2025-04-10T16:00:00Z,13.4,14.1,3.2,47.2,1021.0,4.5,286.7,11.3,0.0
Berlin,2025-04-10T17:00:00Z,12.8,14.1,3.2,51.6,1021.0,3.2,270.4,11.3,0.0
Berlin,2025-04-10T18:00:00Z,11.3,14.1,3.2,59.6,1020.0,3.9,251.6,11.3,0.0
Berlin,2025-04-10T19:00:00Z,10.6,14.1,3.2,63.4,1020.0,4.7,257.9,13.1,0.0
Berlin,2025-04-10T20:00:00Z,9.8,14.1,3.2,68.3,1020.0,5.1,264.5,13.4,0.0
Berlin,2025-04-10T21:00:00Z,9.0,14.1,3.2,72.0,1019.0,4.8,264.4,13.8,0.0
Berlin,2025-04-10T22:00:00Z,8.6,14.1,3.2,74.0,1018.0,5.1,267.6,15.1,0.0
Berlin,2025-04-10T23:00:00Z,8.3,14.1,3.2,77.2,1018.0,5.3,275.6,15.1,0.0
Berlin,2025-04-11T00:00:00Z,7.4,14.1,3.2,80.1,1017.0,5.7,280.7,15.4,0.0
Berlin,2025-04-11T01:00:00Z,6.1,14.1,3.2,80.6,1017.0,6.0,290.8,15.6,0.0
Berlin,2025-04-11T02:00:00Z,5.9,14.1,3.2,83.1,1016.0,6.3,289.0,15.6,0.0
Berlin,2025-04-11T03:00:00Z,6.0,14.1,3.2,85.2,1016.0,5.5,284.3,15.6,0.0
Berlin,2025-04-11T04:00:00Z,6.2,14.1,3.2,85.3,1015.0,5.2,280.6,15.6,0.0
Berlin,2025-04-11T05:00:00Z,6.5,14.1,3.2,83.6,1015.0,5.4,282.7,15.6,0.0
Berlin,2025-04-11T06:00:00Z,7.1,14.0,4.4,80.8,1016.0,4.7,278.8,15.6,0.0
Berlin,2025-04-11T07:00:00Z,8.3,14.0,5.5,74.3,1015.0,7.4,291.5,15.6,0.0
Berlin,2025-04-11T08:00:00Z,10.0,14.0,5.5,64.1,1015.0,7.0,293.8,15.6,0.0
Berlin,2025-04-11T09:00:00Z,11.1,14.0,5.5,64.0,1016.0,7.2,296.1,15.6,0.0
Berlin,2025-04-11T10:00:00Z,10.3,14.0,5.5,71.7,1016.0,6.3,291.8,15.6,0.0
Berlin,2025-04-11T11:00:00Z,10.8,14.0,5.5,71.1,1015.0,6.3,293.4,15.6,0.0
Berlin,2025-04-11T12:00:00Z,11.9,14.0,5.5,67.7,1015.0,6.5,293.5,15.6,0.0
Berlin,2025-04-11T13:00:00Z,13.3,14.0,5.5,65.8,1015.0,5.3,301.4,15.6,0.0
Berlin,2025-04-11T14:00:00Z,13.6,14.0,5.5,67.7,1015.0,3.9,291.1,15.6,0.0
Berlin,2025-04-11T15:00:00Z,13.5,14.0,5.5,72.7,1015.0,5.3,308.3,15.6,0.21
Berlin,2025-04-11T16:00:00Z,13.9,14.3,5.5,70.9,1015.0,4.8,308.3,15.6,0.21
Berlin,2025-04-11T17:00:00Z,13.5,14.3,5.5,73.7,1015.0,3.5,301.3,15.6,0.21
Berlin,2025-04-11T18:00:00Z,12.5,14.3,5.5,79.1,1016.0,2.9,298.9,15.6,0.21
Berlin,2025-04-11T19:00:00Z,12.3,14.3,5.5,80.6,1016.0,2.6,298.1,15.6,0.21
Berlin,2025-04-11T20:00:00Z,11.8,14.3,5.5,85.1,1016.0,2.2,283.6,15.6,0.4
Berlin,2025-04-11T21:00:00Z,11.6,14.3,5.5,87.5,1016.0,2.6,275.0,15.6,0.71
Berlin,2025-04-11T22:00:00Z,10.9,14.3,5.5,87.4,1017.0,3.5,287.9,15.6,0.71
Berlin,2025-04-11T23:00:00Z,9.9,14.3,5.5,88.6,1017.0,3.1,284.5,15.6,0.71
Berlin,2025-04-12T00:00:00Z,8.9,14.3,5.5,91.0,1017.0,3.0,283.2,15.6,0.71
Berlin,2025-04-12T01:00:00Z,8.8,14.3,5.5,90.9,1017.0,2.9,284.6,15.6,0.71
Berlin,2025-04-12T02:00:00Z,8.8,14.3,5.5,90.8,1017.0,2.8,286.0,15.5,0.71
Berlin,2025-04-12T03:00:00Z,8.7,14.3,5.6,90.7,1017.0,2.8,287.4,15.5,0.71
Berlin,2025-04-12T04:00:00Z,8.6,14.3,5.8,89.6,1017.0,2.9,291.3,15.5,0.71
Berlin,2025-04-12T05:00:00Z,8.6,14.2,6.1,88.6,1017.0,3.0,295.0,15.5,0.71
Berlin,2025-04-12T06:00:00Z,8.5,14.2,6.7,87.5,1018.0,3.1,298.3,15.5,0.71
Berlin,2025-04-12T07:00:00Z,9.4,14.2,7.9,81.7,1018.0,2.8,293.3,15.5,0.71
Berlin,2025-04-12T08:00:00Z,10.2,14.2,8.2,76.2,1018.0,2.6,287.2,14.8,0.71
Berlin,2025-04-12T09:00:00Z,11.1,14.2,8.2,71.2,1018.0,2.3,280.0,14.8,0.71
Berlin,2025-04-12T10:00:00Z,12.5,14.2,8.2,64.4,1018.0,2.0,269.8,14.5,0.71
Berlin,2025-04-12T11:00:00Z,14.0,14.3,8.2,58.4,1017.0,1.7,254.6,14.5,0.71
Berlin,2025-04-12T12:00:00Z,15.4,15.8,8.2,52.9,1017.0,1.4,233.9,14.5,0.71
Berlin,2025-04-12T13:00:00Z,16.0,16.4,8.1,50.4,1016.0,1.3,243.3,14.1,0.71
Berlin,2025-04-12T14:00:00Z,16.7,17.1,8.1,47.9,1015.0,1.1,256.5,12.9,0.71
Berlin,2025-04-12T15:00:00Z,17.3,17.8,8.1,45.7,1015.0,0.9,273.8,12.9,0.5
Berlin,2025-04-12T16:00:00Z,16.3,17.8,8.1,49.7,1014.0,0.9,285.1,11.5,0.5
Berlin,2025-04-12T17:00:00Z,15.4,17.8,8.1,54.1,1014.0,0.9,72.5,10.0,0.5
Berlin,2025-04-12T18:00:00Z,14.4,17.8,8.1,58.9,1013.0,0.9,82.7,9.1,0.5
Berlin,2025-04-12T19:00:00Z,13.6,17.8,8.1,62.9,1013.0,1.5,108.4,9.1,0.5
Berlin,2025-04-12T20:00:00Z,12.7,17.8,8.1,67.1,1013.0,2.1,120.1,9.1,0.31
Berlin,2025-04-12T21:00:00Z,11.9,17.8,8.1,71.7,1013.0,2.6,126.3,9.1,0.0
Berlin,2025-04-12T22:00:00Z,11.2,17.8,8.1,75.2,1012.0,2.7,130.1,9.1,0.0
Berlin,2025-04-12T23:00:00Z,10.5,17.8,8.1,78.9,1012.0,2.7,133.8,7.7,0.0
Berlin,2025-04-13T00:00:00Z,9.8,17.8,8.1,82.8,1011.0,2.7,137.4,7.7,0.0
Berlin,2025-04-13T01:00:00Z,9.5,17.8,8.1,83.0,1011.0,2.8,135.2,7.7,0.0
Berlin,2025-04-13T02:00:00Z,9.2,17.8,8.1,83.2,1010.0,2.9,133.2,7.7,0.0
Berlin,2025-04-13T03:00:00Z,8.9,17.8,8.1,83.4,1010.0,3.0,131.3,8.3,0.0
Berlin,2025-04-13T04:00:00Z,9.2,17.8,8.1,82.1,1009.0,2.9,130.3,8.3,0.0
Berlin,2025-04-13T05:00:00Z,9.4,17.8,8.1,80.8,1009.0,2.7,129.1,8.3,0.0
Berlin,2025-04-13T06:00:00Z,9.7,17.7,8.1,79.6,1008.0,2.6,127.9,8.3,0.0
Berlin,2025-04-13T07:00:00Z,11.8,17.7,8.5,71.6,1008.0,2.6,133.6,8.3,0.0
Berlin,2025-04-13T08:00:00Z,13.9,17.7,8.5,64.6,1007.0,2.6,139.3,8.3,0.0
Berlin,2025-04-13T09:00:00Z,16.0,17.7,8.5,58.4,1007.0,2.6,144.9,8.3,0.0
Berlin,2025-04-13T10:00:00Z,17.8,18.4,8.5,52.5,1006.0,3.0,158.4,8.3,0.0
Berlin,2025-04-13T11:00:00Z,19.7,20.3,8.4,47.2,1006.0,3.3,169.4,8.3,0.0
Berlin,2025-04-13T12:00:00Z,21.5,22.2,8.4,42.5,1005.0,3.6,178.0,8.5,0.0
Berlin,2025-04-13T13:00:00Z,21.9,22.6,8.3,42.0,1005.0,3.7,183.5,8.5,0.0
Berlin,2025-04-13T14:00:00Z,22.4,23.1,8.2,41.5,1004.0,3.7,188.9,8.5,0.0
Berlin,2025-04-13T15:00:00Z,22.9,23.6,8.2,41.0,1004.0,3.8,194.1,8.5,0.0
Berlin,2025-04-13T16:00:00Z,20.8,23.7,8.2,50.9,1004.0,2.9,192.8,8.5,0.44
Berlin,2025-04-13T17:00:00Z,18.6,23.7,8.2,63.1,1004.0,1.9,184.8,8.5,0.88
Berlin,2025-04-13T18:00:00Z,16.5,23.7,8.2,78.4,1005.0,1.0,23.3,8.5,1.31
Berlin,2025-04-13T19:00:00Z,16.0,23.7,8.2,81.2,1005.0,1.8,198.5,8.5,1.43
Berlin,2025-04-13T20:00:00Z,15.4,23.7,8.2,84.1,1005.0,2.7,200.8,9.3,1.56
Berlin,2025-04-13T21:00:00Z,14.9,23.7,8.2,87.0,1005.0,3.5,201.1,10.0,1.68
Berlin,2025-04-13T22:00:00Z,14.6,23.7,8.2,88.5,1006.0,3.6,206.6,10.0,1.99
Berlin,2025-04-13T23:00:00Z,14.2,23.7,8.2,89.9,1006.0,3.6,211.9,10.0,2.3
Berlin,2025-04-14T00:00:00Z,13.9,23.7,8.2,91.5,1006.0,3.6,217.1,10.4,2.61
Berlin,2025-04-14T01:00:00Z,13.5,23.7,8.2,92.9,1006.0,3.3,218.6,10.4,2.61
Berlin,2025-04-14T02:00:00Z,13.2,23.7,8.2,94.3,1006.0,3.0,220.5,10.4,2.61
Berlin,2025-04-14T03:00:00Z,12.8,23.7,8.2,95.7,1006.0,2.6,222.8,10.4,2.61
Berlin,2025-04-14T04:00:00Z,13.0,23.7,8.5,93.8,1007.0,2.6,231.5,10.4,2.61
Berlin,2025-04-14T05:00:00Z,13.2,23.7,8.8,92.0,1007.0,2.5,240.8,10.4,2.61
Berlin,2025-04-14T06:00:00Z,13.4,23.5,9.0,90.2,1008.0,2.5,250.3,10.4,2.61
Berlin,2025-04-14T07:00:00Z,14.6,23.5,11.2,82.9,1008.0,2.2,248.4,10.4,2.61
Berlin,2025-04-14T08:00:00Z,15.8,23.5,12.3,76.2,1008.0,2.0,246.2,10.4,2.61
Berlin,2025-04-14T09:00:00Z,17.1,23.5,12.3,70.1,1009.0,1.8,243.5,10.4,2.61
Berlin,2025-04-14T10:00:00Z,17.8,23.5,12.3,65.9,1009.0,2.0,254.2,10.4,2.81
Berlin,2025-04-14T11:00:00Z,18.4,23.5,12.3,61.9,1009.0,2.2,263.4,10.4,3.01
Berlin,2025-04-14T12:00:00Z,19.1,23.5,12.3,58.3,1009.0,2.3,271.1,10.4,3.21
Berlin,2025-04-14T13:00:00Z,19.0,23.5,12.3,58.5,1009.0,2.1,275.5,10.4,3.37
Berlin,2025-04-14T14:00:00Z,18.9,23.5,12.3,58.8,1009.0,1.9,280.9,10.4,3.54
Berlin,2025-04-14T15:00:00Z,18.7,23.5,12.4,59.1,1009.0,1.7,287.8,10.4,3.7
Berlin,2025-04-14T16:00:00Z,17.9,21.3,12.5,63.6,1009.0,1.7,313.8,10.4,3.26
Berlin,2025-04-14T17:00:00Z,17.0,19.5,12.5,68.4,1009.0,1.8,344.0,10.4,2.83
Berlin,2025-04-14T18:00:00Z,16.2,19.5,12.5,73.7,1009.0,1.8,5.9,10.4,2.39
Berlin,2025-04-14T19:00:00Z,15.4,19.5,12.5,77.8,1009.0,2.4,26.6,10.4,2.45
Berlin,2025-04-14T20:00:00Z,14.7,19.5,12.5,82.2,1009.0,2.9,40.5,10.4,2.51
Berlin,2025-04-14T21:00:00Z,13.9,19.5,12.5,86.8,1009.0,3.4,49.5,10.4,2.57
Berlin,2025-04-14T22:00:00Z,13.5,19.5,12.5,89.6,1008.0,3.7,47.2,10.4,2.79
Berlin,2025-04-14T23:00:00Z,13.1,19.5,12.5,92.6,1008.0,4.1,45.3,10.4,3.01
Berlin,2025-04-15T00:00:00Z,12.7,19.5,12.3,95.6,1007.0,4.5,43.7,11.2,3.23
Berlin,2025-04-15T01:00:00Z,12.0,19.5,11.6,95.8,1006.0,4.7,45.9,11.5,5.44
Berlin,2025-04-15T02:00:00Z,11.4,19.5,10.9,95.9,1005.0,4.8,48.0,11.9,7.66
Berlin,2025-04-15T03:00:00Z,10.7,19.6,10.3,96.1,1004.0,5.0,50.0,12.2,9.88
Berlin,2025-04-15T04:00:00Z,10.6,19.6,10.2,96.7,1004.0,4.5,49.7,12.2,10.98
Berlin,2025-04-15T05:00:00Z,10.5,19.6,10.1,97.2,1003.0,4.0,49.4,12.2,12.07
Berlin,2025-04-15T06:00:00Z,10.4,19.6,10.0,97.8,1003.0,3.6,49.0,12.2,13.17
Berlin,2025-04-15T07:00:00Z,11.2,19.6,9.9,95.9,1003.0,3.0,33.7,12.2,13.41
Berlin,2025-04-15T08:00:00Z,11.9,19.6,9.9,94.0,1003.0,2.5,2.6,12.2,13.65
Berlin,2025-04-15T09:00:00Z,12.7,19.6,9.9,92.2,1003.0,2.0,322.0,12.2,13.89
Berlin,2025-04-15T10:00:00Z,12.5,19.6,9.9,88.7,1003.0,2.4,313.9,12.2,13.69
Berlin,2025-04-15T11:00:00Z,12.4,19.6,9.9,85.7,1004.0,2.9,308.3,12.2,13.49
Berlin,2025-04-15T12:00:00Z,12.2,19.6,9.9,82.7,1004.0,3.3,304.2,12.2,13.29
Berlin,2025-04-15T13:00:00Z,12.2,19.4,9.9,80.8,1005.0,3.4,306.0,12.2,13.13
Berlin,2025-04-15T14:00:00Z,12.1,19.3,10.0,79.1,1006.0,3.5,307.6,12.2,12.96
Berlin,2025-04-15T15:00:00Z,12.0,19.2,10.0,77.3,1006.0,3.5,309.2,12.2,12.8
Berlin,2025-04-15T16:00:00Z,11.6,18.3,10.0,77.7,1007.0,3.3,315.7,12.2,12.8
Berlin,2025-04-15T17:00:00Z,11.2,17.4,10.1,78.1,1007.0,3.1,323.2,12.2,12.8
Berlin,2025-04-15T18:00:00Z,10.8,16.5,10.1,78.5,1008.0,2.9,331.7,12.2,12.8
Berlin,2025-04-15T19:00:00Z,10.1,15.7,9.8,81.1,1008.0,2.4,339.8,12.2,12.61
Berlin,2025-04-15T20:00:00Z,9.4,14.9,9.1,83.9,1009.0,2.0,352.2,12.2,12.43
Berlin,2025-04-15T21:00:00Z,8.7,14.2,8.4,86.7,1009.0,1.6,11.1,12.2,12.25
Berlin,2025-04-15T22:00:00Z,8.0,13.8,7.7,88.5,1009.0,1.6,24.9,12.2,11.72
Berlin,2025-04-15T23:00:00Z,7.3,13.4,7.0,90.4,1009.0,1.6,38.8,12.2,11.19
Berlin,2025-04-16T00:00:00Z,6.7,13.0,6.4,92.3,1010.0,1.6,51.5,12.2,10.67
Berlin,2025-04-16T01:00:00Z,6.7,13.0,6.4,91.9,1010.0,1.8,58.0,12.2,8.45
Berlin,2025-04-16T02:00:00Z,6.7,13.0,6.4,91.6,1010.0,1.9,63.9,12.2,6.23
Berlin,2025-04-16T03:00:00Z,6.8,13.0,6.4,91.2,1010.0,2.0,69.2,12.2,4.01
Berlin,2025-04-16T04:00:00Z,6.8,13.0,6.4,90.8,1010.0,2.1,73.8,11.2,2.91
Berlin,2025-04-16T05:00:00Z,6.8,13.0,6.4,90.4,1010.0,2.2,77.9,10.2,1.82
Berlin,2025-04-16T06:00:00Z,6.9,13.0,6.4,90.0,1010.0,2.3,81.5,9.1,0.72
Berlin,2025-04-16T07:00:00Z,8.5,13.0,6.4,84.8,1010.0,2.5,80.3,7.4,0.48
Berlin,2025-04-16T08:00:00Z,10.1,13.0,6.4,80.0,1010.0,2.6,79.1,6.8,0.24
Berlin,2025-04-16T09:00:00Z,11.7,13.0,6.4,75.6,1009.0,2.7,78.1,6.8,0.0
Berlin,2025-04-16T10:00:00Z,13.3,13.7,6.4,71.5,1009.0,2.9,77.2,6.8,0.0
Berlin,2025-04-16T11:00:00Z,14.9,15.4,6.3,67.6,1009.0,3.0,76.4,6.8,0.0
Berlin,2025-04-16T12:00:00Z,16.5,17.1,6.2,64.1,1009.0,3.1,75.6,6.8,0.0
Berlin,2025-04-16T13:00:00Z,16.5,17.1,6.2,65.4,1009.0,3.2,73.8,6.8,0.0
Berlin,2025-04-16T14:00:00Z,16.4,17.1,6.2,66.7,1008.0,3.3,72.0,7.0,0.0
Berlin,2025-04-16T15:00:00Z,16.3,17.1,6.2,68.1,1008.0,3.3,70.3,7.6,0.0
Berlin,2025-04-16T16:00:00Z,16.2,17.1,6.2,69.5,1008.0,3.4,68.7,8.2,0.0
Berlin,2025-04-16T17:00:00Z,16.1,17.1,6.2,70.9,1008.0,3.5,67.2,8.9,0.0
Berlin,2025-04-16T18:00:00Z,16.0,17.1,6.2,72.3,1008.0,3.5,65.7,9.6,0.0
Berlin,2025-04-16T19:00:00Z,15.6,17.1,6.2,74.1,1007.0,3.7,66.8,10.2,0.0
Berlin,2025-04-16T20:00:00Z,15.2,17.1,6.2,76.0,1007.0,3.8,67.9,10.7,0.0
Berlin,2025-04-16T21:00:00Z,14.8,17.1,6.2,77.9,1007.0,4.0,68.9,11.3,0.0
Berlin,2025-04-16T22:00:00Z,14.3,17.1,6.2,79.9,1007.0,4.1,69.8,11.9,0.0
Berlin,2025-04-16T23:00:00Z,13.9,17.1,6.2,81.9,1007.0,4.3,70.6,12.4,0.0
London,2025-04-10T00:00:00Z,6.1,14.0,3.2,76.1,1033.0,2.5,38.7,8.5,0.0
London,2025-04-10T01:00:00Z,5.7,14.0,3.2,76.3,1033.0,1.9,35.2,8.5,0.0
London,2025-04-10T02:00:00Z,5.4,14.0,3.2,78.8,1032.0,1.5,5.8,8.5,0.0
London,2025-04-10T03:00:00Z,5.4,14.0,3.2,79.7,1032.0,2.7,30.8,8.5,0.0
London,2025-04-10T04:00:00Z,5.6,14.0,3.2,79.9,1032.0,2.9,49.8,8.5,0.0
London,2025-04-10T05:00:00Z,5.2,14.0,3.2,83.4,1032.0,2.4,37.0,8.5,0.0
London,2025-04-10T06:00:00Z,5.3,13.9,3.2,83.7,1032.0,2.2,34.4,8.5,0.0
London,2025-04-10T07:00:00Z,6.5,13.9,4.4,77.0,1032.0,2.5,47.5,8.5,0.0
London,2025-04-10T08:00:00Z,8.4,13.9,4.8,68.5,1032.0,3.1,37.6,8.5,0.0
London,2025-04-10T09:00:00Z,10.2,13.9,4.8,60.9,1032.0,2.5,47.4,8.5,0.0
London,2025-04-10T10:00:00Z,11.5,13.9,4.8,57.1,1032.0,2.8,57.5,8.1,0.0
London,2025-04-10T11:00:00Z,12.8,13.9,4.8,53.4,1032.0,2.7,45.0,8.0,0.0
London,2025-04-10T12:00:00Z,14.1,14.6,4.8,49.9,1031.0,2.2,48.3,8.0,0.0
London,2025-04-10T13:00:00Z,15.2,15.7,4.7,47.1,1031.0,1.1,64.0,8.0,0.0
London,2025-04-10T14:00:00Z,16.0,16.6,4.7,45.3,1030.0,0.9,40.1,8.0,0.0
London,2025-04-10T15:00:00Z,16.5,17.1,4.6,44.3,1029.0,1.3,51.7,8.0,0.0
London,2025-04-10T16:00:00Z,16.6,17.2,4.6,45.0,1029.0,1.4,51.4,8.0,0.0
London,2025-04-10T17:00:00Z,16.4,17.2,4.6,46.7,1028.0,1.0,29.1,7.4,0.0
London,2025-04-10T18:00:00Z,15.8,17.2,4.6,49.8,1028.0,1.1,20.8,7.4,0.0
London,2025-04-10T19:00:00Z,14.9,17.2,4.6,54.8,1028.0,1.2,32.8,7.4,0.0
London,2025-04-10T20:00:00Z,14.0,17.2,4.6,59.6,1028.0,0.8,38.2,7.4,0.0
London,2025-04-10T21:00:00Z,13.3,17.2,4.6,62.9,1028.0,0.4,53.5,7.0,0.0
London,2025-04-10T22:00:00Z,12.4,17.2,4.6,70.7,1028.0,0.1,262.1,7.0,0.0
London,2025-04-10T23:00:00Z,11.4,17.2,4.6,72.5,1028.0,0.2,240.8,7.0,0.0
London,2025-04-11T00:00:00Z,10.6,17.2,4.6,75.9,1027.0,0.8,221.1,7.0,0.0
London,2025-04-11T01:00:00Z,9.7,17.2,4.6,81.2,1027.0,1.0,241.1,6.4,0.0
London,2025-04-11T02:00:00Z,8.9,17.2,4.6,85.5,1026.0,1.2,254.2,6.4,0.0
London,2025-04-11T03:00:00Z,8.2,17.2,4.6,89.4,1026.0,1.4,237.8,6.4,0.0
London,2025-04-11T04:00:00Z,7.5,17.2,4.6,93.1,1026.0,1.6,234.6,6.4,0.0
London,2025-04-11T05:00:00Z,6.9,17.2,4.6,96.3,1026.0,1.6,245.0,6.2,0.0
London,2025-04-11T06:00:00Z,6.9,17.1,4.6,97.4,1025.0,1.6,256.4,5.8,0.0
London,2025-04-11T07:00:00Z,8.2,17.1,5.9,89.7,1025.0,1.0,260.6,5.6,0.0
London,2025-04-11T08:00:00Z,10.5,17.1,6.3,76.3,1025.0,0.7,261.4,5.1,0.0
London,2025-04-11T09:00:00Z,13.1,17.1,6.3,59.8,1025.0,0.7,263.8,4.6,0.0
London,2025-04-11T10:00:00Z,15.6,17.1,6.3,45.1,1024.0,0.9,261.8,3.7,0.0
London,2025-04-11T11:00:00Z,17.7,18.3,6.3,35.5,1024.0,0.8,269.3,3.7,0.0
London,2025-04-11T12:00:00Z,19.3,20.0,6.3,29.7,1023.0,0.7,279.9,3.7,0.0
London,2025-04-11T13:00:00Z,20.5,21.2,6.2,26.7,1023.0,0.4,291.9,3.7,0.0
London,2025-04-11T14:00:00Z,21.3,22.0,6.1,25.0,1022.0,0.3,337.5,3.7,0.0
London,2025-04-11T15:00:00Z,21.6,22.3,6.1,24.4,1021.0,0.6,29.5,3.7,0.0
London,2025-04-11T16:00:00Z,21.4,22.3,6.1,25.6,1020.0,1.4,51.2,3.7,0.0
London,2025-04-11T17:00:00Z,20.6,22.3,6.1,28.9,1020.0,2.3,67.1,3.7,0.0
London,2025-04-11T18:00:00Z,19.4,22.3,6.1,34.6,1019.0,2.5,87.5,4.2,0.0
London,2025-04-11T19:00:00Z,17.9,22.3,6.1,45.1,1019.0,2.6,101.6,4.8,0.0
London,2025-04-11T20:00:00Z,16.2,22.3,6.1,50.9,1019.0,2.8,101.9,5.6,0.0
London,2025-04-11T21:00:00Z,14.9,22.3,6.1,61.0,1019.0,2.1,118.0,5.6,0.0
London,2025-04-11T22:00:00Z,13.8,22.3,6.1,72.4,1019.0,1.3,132.3,5.6,0.0
London,2025-04-11T23:00:00Z,12.9,22.3,6.1,77.2,1018.0,1.2,108.3,5.6,0.0
London,2025-04-12T00:00:00Z,11.9,22.3,6.1,80.4,1018.0,1.4,98.9,5.6,0.0
London,2025-04-12T01:00:00Z,11.0,22.3,6.1,82.2,1017.0,1.6,93.4,5.6,0.0
London,2025-04-12T02:00:00Z,10.0,22.3,6.1,84.1,1016.0,1.8,89.2,5.6,0.0
London,2025-04-12T03:00:00Z,9.0,22.3,6.1,86.1,1015.0,2.1,86.1,5.6,0.0
London,2025-04-12T04:00:00Z,8.5,22.3,6.1,89.1,1015.0,2.2,81.4,6.0,0.0
London,2025-04-12T05:00:00Z,8.1,22.3,6.1,92.2,1014.0,2.3,77.2,6.5,0.0
London,2025-04-12T06:00:00Z,7.6,22.3,6.1,95.4,1013.0,2.4,73.4,7.0,0.0
London,2025-04-12T07:00:00Z,9.6,22.3,6.8,84.2,1013.0,2.4,75.2,7.6,0.0
London,2025-04-12T08:00:00Z,11.6,22.3,6.8,74.4,1012.0,2.3,77.1,8.3,0.0
London,2025-04-12T09:00:00Z,13.6,22.3,6.8,65.9,1011.0,2.2,79.1,8.9,0.0
London,2025-04-12T10:00:00Z,15.3,22.3,6.8,60.0,1010.0,2.6,96.1,8.9,0.0
London,2025-04-12T11:00:00Z,17.1,22.3,6.8,54.7,1009.0,2.9,109.6,8.9,0.0
London,2025-04-12T12:00:00Z,18.8,22.3,6.8,49.9,1008.0,3.2,119.6,8.9,0.0
London,2025-04-12T13:00:00Z,18.8,22.3,6.8,49.0,1007.0,3.2,129.5,8.9,0.0
London,2025-04-12T14:00:00Z,18.7,22.3,6.8,48.1,1006.0,3.2,139.9,8.9,0.0
London,2025-04-12T15:00:00Z,18.7,22.3,6.8,47.2,1005.0,3.2,150.0,8.9,0.0
London,2025-04-12T16:00:00Z,18.0,22.1,6.8,50.3,1004.0,3.0,157.0,8.9,0.0
London,2025-04-12T17:00:00Z,17.4,21.3,6.9,53.6,1003.0,2.8,165.1,8.9,0.0
London,2025-04-12T18:00:00Z,16.7,20.1,6.9,57.0,1003.0,2.6,174.2,8.9,0.0
London,2025-04-12T19:00:00Z,16.0,19.4,6.9,61.0,1003.0,2.5,182.0,8.9,0.0
London,2025-04-12T20:00:00Z,15.2,19.4,6.9,65.4,1002.0,2.4,190.8,8.9,0.0
London,2025-04-12T21:00:00Z,14.4,19.4,6.9,70.2,1002.0,2.3,200.4,8.9,0.0
London,2025-04-12T22:00:00Z,13.9,19.4,6.9,74.4,1002.0,2.2,209.0,8.9,0.0
London,2025-04-12T23:00:00Z,13.3,19.4,6.9,78.8,1001.0,2.2,218.2,8.9,0.0
London,2025-04-13T00:00:00Z,12.7,19.4,6.9,83.4,1001.0,2.1,227.5,8.9,0.0
London,2025-04-13T01:00:00Z,12.1,19.4,6.9,85.8,1000.0,2.2,234.1,8.9,0.0
London,2025-04-13T02:00:00Z,11.5,19.4,6.9,88.2,1000.0,2.3,240.2,8.9,0.0
London,2025-04-13T03:00:00Z,10.9,19.4,6.9,90.8,1000.0,2.4,245.8,8.9,0.0
London,2025-04-13T04:00:00Z,10.6,19.4,6.9,90.2,1000.0,2.3,242.2,8.9,0.1
London,2025-04-13T05:00:00Z,10.3,19.4,6.9,89.6,1000.0,2.2,238.1,8.9,0.2
London,2025-04-13T06:00:00Z,9.9,19.4,6.9,89.1,1000.0,2.1,233.7,8.9,0.3
London,2025-04-13T07:00:00Z,11.0,19.3,9.0,82.6,1001.0,2.4,243.5,8.9,0.3
London,2025-04-13T08:00:00Z,12.1,19.3,9.4,76.7,1001.0,2.8,250.8,8.9,0.3
London,2025-04-13T09:00:00Z,13.2,19.3,9.4,71.2,1001.0,3.2,256.3,8.9,0.3
London,2025-04-13T10:00:00Z,14.3,19.3,9.4,62.3,1001.0,3.4,257.0,8.3,0.3
London,2025-04-13T11:00:00Z,15.5,19.3,9.4,54.6,1002.0,3.6,257.5,8.3,0.3
London,2025-04-13T12:00:00Z,16.6,19.2,9.4,47.9,1002.0,3.8,258.1,8.3,0.3
London,2025-04-13T13:00:00Z,16.9,19.2,9.4,44.9,1002.0,4.4,256.5,7.8,0.3
London,2025-04-13T14:00:00Z,17.2,19.2,9.4,42.1,1001.0,4.9,255.4,8.5,0.3
London,2025-04-13T15:00:00Z,17.5,19.1,9.5,39.5,1001.0,5.5,254.4,9.5,0.3
London,2025-04-13T16:00:00Z,16.5,18.5,9.5,39.1,1002.0,5.3,256.9,9.5,0.3
London,2025-04-13T17:00:00Z,15.5,17.9,9.5,38.8,1002.0,5.2,259.5,9.5,0.3
London,2025-04-13T18:00:00Z,14.5,17.9,9.5,38.5,1003.0,5.0,262.3,9.5,0.3
London,2025-04-13T19:00:00Z,13.4,17.9,9.5,42.5,1004.0,4.6,261.8,9.5,0.3
London,2025-04-13T20:00:00Z,12.3,17.9,9.5,46.8,1004.0,4.3,261.2,9.5,0.3
London,2025-04-13T21:00:00Z,11.3,17.9,9.5,51.7,1005.0,3.9,260.5,9.5,0.3
London,2025-04-13T22:00:00Z,10.4,17.9,9.5,56.3,1006.0,3.6,258.4,9.5,0.3
London,2025-04-13T23:00:00Z,9.5,17.9,9.0,61.4,1006.0,3.2,255.9,9.5,0.3
London,2025-04-14T00:00:00Z,8.6,18.0,8.1,66.9,1007.0,2.9,252.8,9.5,0.3
London,2025-04-14T01:00:00Z,7.9,18.0,7.4,71.5,1007.0,2.7,246.7,9.5,0.3
London,2025-04-14T02:00:00Z,7.2,18.0,6.7,76.5,1007.0,2.5,239.6,9.5,0.3
London,2025-04-14T03:00:00Z,6.6,18.1,6.0,81.7,1007.0,2.3,231.4,9.5,0.3
London,2025-04-14T04:00:00Z,6.3,18.1,5.8,82.9,1008.0,2.3,224.8,9.5,0.2
London,2025-04-14T05:00:00Z,6.1,18.1,5.5,84.1,1008.0,2.3,218.1,9.5,0.1
London,2025-04-14T06:00:00Z,5.8,18.1,5.2,85.3,1008.0,2.3,211.4,9.5,0.0
London,2025-04-14T07:00:00Z,7.8,18.1,5.1,73.5,1008.0,3.0,216.0,9.5,0.0
London,2025-04-14T08:00:00Z,9.8,18.1,5.1,63.4,1009.0,3.7,218.9,9.5,0.0
London,2025-04-14T09:00:00Z,11.9,18.1,5.1,54.9,1009.0,4.3,220.8,9.5,0.0
London,2025-04-14T10:00:00Z,12.3,18.1,5.1,55.7,1009.0,4.3,218.4,9.5,0.0
London,2025-04-14T11:00:00Z,12.7,18.1,5.1,56.5,1009.0,4.3,216.0,9.5,0.0
London,2025-04-14T12:00:00Z,13.1,18.1,5.1,57.3,1009.0,4.3,213.6,9.5,0.0
London,2025-04-14T13:00:00Z,13.5,18.1,5.1,55.1,1008.0,4.3,214.1,9.5,0.0
London,2025-04-14T14:00:00Z,13.9,18.1,5.1,53.1,1008.0,4.3,214.7,9.5,0.0
London,2025-04-14T15:00:00Z,14.3,18.1,5.2,51.1,1008.0,4.3,215.2,9.5,0.0
London,2025-04-14T16:00:00Z,13.8,17.1,5.2,52.5,1008.0,4.2,214.2,9.4,0.0
London,2025-04-14T17:00:00Z,13.4,16.0,5.3,53.9,1008.0,4.1,213.1,9.3,0.0
London,2025-04-14T18:00:00Z,12.9,14.9,5.3,55.5,1008.0,4.0,212.0,9.2,0.0
London,2025-04-14T19:00:00Z,11.8,14.7,5.3,63.3,1008.0,3.6,207.3,9.0,0.0
London,2025-04-14T20:00:00Z,10.7,14.7,5.3,72.2,1008.0,3.1,201.3,9.0,0.0
London,2025-04-14T21:00:00Z,9.7,14.7,5.3,82.5,1009.0,2.7,193.4,8.9,0.0
London,2025-04-14T22:00:00Z,9.2,14.7,5.3,84.5,1008.0,2.3,194.1,8.5,0.0
London,2025-04-14T23:00:00Z,8.7,14.7,5.3,86.7,1008.0,1.8,195.2,8.5,0.0
London,2025-04-15T00:00:00Z,8.2,14.7,5.3,88.9,1008.0,1.4,197.1,8.5,0.0
London,2025-04-15T01:00:00Z,8.0,14.7,5.3,87.7,1007.0,1.6,167.0,8.5,0.0
London,2025-04-15T02:00:00Z,7.7,14.7,5.3,86.5,1007.0,1.9,140.9,8.5,0.0
London,2025-04-15T03:00:00Z,7.5,14.7,5.3,85.4,1006.0,2.1,124.8,8.5,0.0
London,2025-04-15T04:00:00Z,7.5,14.7,5.3,82.6,1006.0,2.2,126.0,8.5,0.0
London,2025-04-15T05:00:00Z,7.6,14.7,5.3,79.9,1006.0,2.4,127.0,8.5,0.0
London,2025-04-15T06:00:00Z,7.6,14.6,5.3,77.2,1005.0,2.6,128.0,8.5,0.0
London,2025-04-15T07:00:00Z,9.5,14.6,7.2,69.2,1005.0,2.7,130.0,8.7,0.0
London,2025-04-15T08:00:00Z,11.5,14.6,7.2,62.1,1004.0,2.9,131.8,9.2,0.0
London,2025-04-15T09:00:00Z,13.4,14.6,7.2,55.8,1004.0,3.0,133.4,9.8,0.0
London,2025-04-15T10:00:00Z,14.2,14.6,7.2,49.6,1003.0,3.7,135.1,9.8,0.0
London,2025-04-15T11:00:00Z,15.0,15.4,7.2,43.9,1003.0,4.4,136.3,9.8,0.0
London,2025-04-15T12:00:00Z,15.8,16.3,7.1,38.9,1002.0,5.1,137.1,9.8,0.0
London,2025-04-15T13:00:00Z,15.8,16.3,7.1,39.5,1001.0,5.0,132.2,9.8,0.0
London,2025-04-15T14:00:00Z,15.8,16.3,7.1,40.1,1000.0,5.0,127.1,9.8,0.0
London,2025-04-15T15:00:00Z,15.7,16.3,7.1,40.8,999.0,4.9,121.8,9.8,0.0
London,2025-04-15T16:00:00Z,14.5,16.3,7.1,49.6,999.0,4.7,111.6,10.1,0.6
London,2025-04-15T17:00:00Z,13.3,16.3,7.1,60.3,998.0,4.5,100.0,10.7,1.2
London,2025-04-15T18:00:00Z,12.1,16.3,7.1,73.2,997.0,4.3,87.9,11.3,1.8
London,2025-04-15T19:00:00Z,11.9,16.3,7.1,76.9,997.0,4.4,94.1,12.0,2.19
London,2025-04-15T20:00:00Z,11.6,16.3,7.1,80.7,996.0,4.4,100.3,12.6,2.58
London,2025-04-15T21:00:00Z,11.3,16.3,7.1,84.7,995.0,4.4,106.5,13.2,2.97
London,2025-04-15T22:00:00Z,10.6,16.3,7.1,85.3,994.0,4.9,127.9,13.9,2.97
London,2025-04-15T23:00:00Z,10.0,16.3,7.1,86.0,993.0,5.3,147.3,14.6,2.97
London,2025-04-16T00:00:00Z,9.3,16.3,7.1,86.6,992.0,5.8,161.7,15.2,2.97
London,2025-04-16T01:00:00Z,9.0,16.3,7.1,84.9,993.0,5.6,167.6,15.2,2.97
London,2025-04-16T02:00:00Z,8.6,16.3,7.1,83.1,995.0,5.4,174.3,15.2,2.97
London,2025-04-16T03:00:00Z,8.2,16.3,7.1,81.3,996.0,5.2,181.7,15.2,2.97
London,2025-04-16T04:00:00Z,7.9,16.3,7.1,79.5,998.0,5.0,189.8,15.2,2.97
London,2025-04-16T05:00:00Z,7.5,16.3,7.1,77.8,999.0,4.9,198.2,15.2,2.97
London,2025-04-16T06:00:00Z,7.1,16.3,6.7,76.1,1001.0,4.7,206.7,15.2,2.97
London,2025-04-16T07:00:00Z,8.2,16.3,6.6,67.4,1001.0,4.9,208.0,15.2,2.97
London,2025-04-16T08:00:00Z,9.3,16.3,6.6,59.7,1002.0,5.0,209.3,15.2,2.97
London,2025-04-16T09:00:00Z,10.3,16.3,6.6,52.8,1002.0,5.2,210.5,15.2,2.97
London,2025-04-16T10:00:00Z,11.4,16.3,6.6,46.9,1003.0,5.4,211.5,15.2,2.97
London,2025-04-16T11:00:00Z,12.4,16.3,6.6,41.6,1003.0,5.6,212.6,15.2,2.97
London,2025-04-16T12:00:00Z,13.5,16.3,6.6,36.9,1004.0,5.8,213.5,15.2,2.97
London,2025-04-16T13:00:00Z,13.3,16.2,6.7,38.0,1004.0,5.5,217.2,15.2,2.97
London,2025-04-16T14:00:00Z,13.1,16.2,6.7,39.1,1005.0,5.2,221.5,15.2,2.97
London,2025-04-16T15:00:00Z,13.0,16.2,6.7,40.3,1006.0,4.9,226.5,15.2,2.97
London,2025-04-16T16:00:00Z,12.8,15.0,6.8,41.5,1006.0,4.6,232.1,15.2,2.37
London,2025-04-16T17:00:00Z,12.6,13.9,6.8,42.7,1007.0,4.3,238.4,15.2,1.77
London,2025-04-16T18:00:00Z,12.4,13.9,6.8,43.9,1007.0,4.0,245.4,15.2,1.17
London,2025-04-16T19:00:00Z,11.6,13.9,6.8,48.0,1008.0,3.6,248.0,15.2,0.78
London,2025-04-16T20:00:00Z,10.8,13.9,6.8,52.4,1009.0,3.1,251.4,15.2,0.39
London,2025-04-16T21:00:00Z,10.0,13.9,6.8,57.2,1010.0,2.7,256.2,15.2,0.0
London,2025-04-16T22:00:00Z,9.2,13.9,6.8,62.4,1010.0,2.3,263.0,15.2,0.0
London,2025-04-16T23:00:00Z,8.4,13.9,6.8,68.2,1011.0,1.8,273.3,15.2,0.0
